{
    "id": 1,
    "name": "Test level",
    "connections": [],
    "enemies": [{
        "id": 1,
        "class": "firstEnemy",
        "name": "Peon 1",
        "position": [ 80, 0, 0 ],
        "equipments": []
    }],
    "ground": [],
    "models": [{
        "normals":[-0,0,1,0,0,-1,1,0,0,-0,1,-0,-1,-0,0,0,-1,-0],
        "name":"CubeGeometry",
        "faces":[35,0,1,2,3,0,0,0,0,0,35,4,7,6,5,0,1,1,1,1,35,0,4,5,1,0,2,2,2,2,35,1,5,6,2,0,3,3,3,3,35,2,6,7,3,0,4,4,4,4,35,4,0,3,7,0,5,5,5,5],
        "vertices":[-8.21778,1.27424,9.91095,-8.21778,1.27424,15.6679,-13.9748,1.27424,15.6679,-13.9748,1.27424,9.91095,-8.21777,7.03123,9.91095,-8.21778,7.03123,15.6679,-13.9748,7.03123,15.6679,-13.9748,7.03123,9.91095],
        "uvs":[],
        "materials":[{
            "specularCoef":50,
            "colorEmissive":[0,0,0],
            "colorSpecular":[0.5,0.5,0.5],
            "transparent":false,
            "colorDiffuse":[0.64,0.64,0.64],
            "visible":true,
            "shading":"phong",
            "blending":"NormalBlending",
            "opacity":1,
            "depthWrite":true,
            "DbgColor":15658734,
            "DbgName":"Material",
            "DbgIndex":0,
            "wireframe":false,
            "depthTest":true
        }],
        "metadata":{
            "materials":1,
            "normals":6,
            "faces":6,
            "type":"Geometry",
            "generator":"io_three",
            "version":3,
            "vertices":8,
            "uvs":0
        }
    }]
}