{
    "influencesPerVertex": 2,
    "colors": [],
    "animations": [],
    "name": "CubeGeometry",
    "bones": [{
        "name": "Base",
        "pos": [0,0,-0],
        "parent": -1,
        "rotq": [0,0,0,1]
    },{
        "name": "Top",
        "pos": [0,2,-0],
        "parent": 0,
        "rotq": [0,0,0,1]
    },{
        "name": "Head",
        "pos": [0,2,-0],
        "parent": 1,
        "rotq": [0,0,0,1]
    }],
    "skinIndices": [0,0,0,0,0,0,0,0,1,0,1,0,1,0,2,1,2,1,2,1,2,1,1,0],
    "skinWeights": [0.5,0,0.5,0,0.5,0,0.5,0,0.5,0,0.5,0,0.5,0,1,1,1,1,1,1,1,1,0.5,0],
    "vertices": [1,0,1,-1,0,1,-1,-0,-1,1,-0,-1,0.999999,2,1,-1,2,-1,-1,2,1,1,4,-1,0.999999,4,1,-1,4,-1,-1,4,0.999999,1,2,-1],
    "metadata": {
        "version": 3,
        "generator": "io_three",
        "bones": 3,
        "colors": 0,
        "type": "Geometry",
        "vertices": 12,
        "materials": 1,
        "normals": 12,
        "uvs": 0,
        "faces": 10
    },
    "normals": [0.707083,0,0.707083,0.577349,-0.577349,0.577349,0.577349,-0.577349,-0.577349,0.707083,0,-0.707083,-0.707083,0,0.707083,0.577349,0.577349,0.577349,-0.577349,0.577349,0.577349,-0.577349,-0.577349,-0.577349,-0.707083,0,-0.707083,0.577349,0.577349,-0.577349,-0.577349,0.577349,-0.577349,-0.577349,-0.577349,0.577349],
    "uvs": [],
    "materials": [{
        "colorSpecular": [0.5,0.5,0.5],
        "DbgIndex": 0,
        "transparent": false,
        "visible": true,
        "specularCoef": 50,
        "depthWrite": true,
        "DbgName": "Material",
        "opacity": 1,
        "wireframe": false,
        "vertexColors": false,
        "blending": "NormalBlending",
        "colorEmissive": [0,0,0],
        "colorAmbient": [0.64,0.64,0.64],
        "depthTest": true,
        "DbgColor": 15658734,
        "shading": "phong"
    }],
    "faces": [35,4,0,3,11,0,0,1,2,3,35,6,4,8,10,0,4,0,5,6,35,2,5,11,3,0,7,8,3,2,35,4,11,7,8,0,0,3,9,5,35,5,6,10,9,0,8,4,6,10,35,5,9,7,11,0,8,10,9,3,35,7,9,10,8,0,9,10,6,5,35,3,0,1,2,0,2,1,11,7,35,1,0,4,6,0,11,1,0,4,35,2,1,6,5,0,7,11,4,8]
}