{
    "normals": [0.093631,-0.827448,0.553636,-0.610157,-0.554186,0.566149,-0.50502,-0.496506,-0.705954,0.111606,-0.76693,-0.631916,-0.758965,-0.196295,0.620777,0.025208,-0.005066,0.999664,0.013642,0.820399,0.571581,-0.750847,0.373974,0.544328,-0.647694,-0.225715,-0.727683,-0.025208,0.005066,-0.999664,0.683676,-0.459212,0.567125,0.773583,-0.158513,0.613514,0.554369,-0.385052,-0.737815,0.634785,-0.222266,-0.740013,-0.690573,0.324137,-0.646535,0.039949,0.769341,-0.637532,0.75866,0.373791,0.533525,0.699545,0.270363,-0.661458],
    "vertices": [0.009459,-1.11346,0.120209,-0.441256,-0.87565,0.120209,-0.441256,-0.87565,0.031008,0.00946,-1.11346,0.031008,0.007333,0.027324,0.32587,-0.829674,-0.009835,0.120208,-0.829673,-0.009835,0.031008,0.007333,0.027324,0.23667,0.437457,-0.723058,0.12021,0.437457,-0.723058,0.03101,0.708952,-0.009835,0.12021,0.708952,-0.009835,0.03101,-0.172859,1.09118,0.120208,-0.934705,0.663124,0.120208,-0.172859,1.09118,0.031008,-0.934704,0.663124,0.031008,0.782276,0.468916,0.12021,0.782276,0.468916,0.03101],
    "uvs": [],
    "materials": [{
        "opacity": 1,
        "shading": "phong",
        "colorSpecular": [0.5,0.5,0.5],
        "DbgColor": 15658734,
        "visible": true,
        "transparent": false,
        "colorAmbient": [0.764072,0.282965,0.13706],
        "colorEmissive": [0,0,0],
        "DbgName": "Material",
        "DbgIndex": 0,
        "colorDiffuse": [0.764072,0.282965,0.13706],
        "blending": "NormalBlending",
        "depthWrite": true,
        "depthTest": true,
        "wireframe": false,
        "specularCoef": 50
    }],
    "name": "CubeGeometry",
    "faces": [35,0,1,2,3,0,0,1,2,3,35,5,4,12,13,0,4,5,6,7,35,0,4,5,1,0,0,5,4,1,35,1,5,6,2,0,1,4,8,2,35,2,6,7,3,0,2,8,9,3,35,4,0,8,10,0,5,0,10,11,35,10,8,9,11,0,11,10,12,13,35,6,5,13,15,0,8,4,7,14,35,3,7,11,9,0,3,9,13,12,35,0,3,9,8,0,0,3,12,10,35,12,14,15,13,0,6,15,14,7,35,14,12,16,17,0,15,6,16,17,35,4,10,16,12,0,5,11,16,6,35,10,11,17,16,0,11,13,17,16,35,7,6,15,14,0,9,8,14,15,35,11,7,14,17,0,13,9,15,17],
    "metadata": {
        "generator": "io_three",
        "vertices": 18,
        "version": 3,
        "faces": 16,
        "normals": 18,
        "materials": 1,
        "uvs": 0,
        "type": "Geometry"
    }
}