{
    "normals": [0.093631,-0.827448,-0.553636,0.111606,-0.76693,0.631916,-0.50502,-0.496506,0.705954,-0.610157,-0.554186,-0.566149,-0.758965,-0.196295,-0.620777,-0.750847,0.373974,-0.544328,0.013642,0.820399,-0.571581,0.025208,-0.005066,-0.999664,-0.647694,-0.225715,0.727683,-0.025208,0.005066,0.999664,0.683676,-0.459212,-0.567125,0.773583,-0.158513,-0.613514,0.634785,-0.222266,0.740013,0.554369,-0.385052,0.737815,-0.690573,0.324137,0.646535,0.039949,0.769341,0.637532,0.699545,0.270363,0.661458,0.75866,0.373791,-0.533525],
    "vertices": [0.049401,-1.84884,-0.393229,-0.714007,-1.44605,-0.393228,-0.714006,-1.44605,-0.242144,0.049402,-1.84884,-0.242144,0.0458,0.083381,-0.741572,-1.3719,0.020443,-0.393228,-1.3719,0.020443,-0.242144,0.0458,0.083381,-0.590487,0.77433,-1.18759,-0.393231,0.77433,-1.18759,-0.242146,1.23418,0.020443,-0.393231,1.23418,0.020443,-0.242146,-0.259404,1.8853,-0.393229,-1.5498,1.16028,-0.393228,-0.259404,1.8853,-0.242144,-1.54979,1.16028,-0.242144,1.35837,0.831336,-0.393231,1.35837,0.831336,-0.242146],
    "uvs": [],
    "materials": [{
        "opacity": 1,
        "shading": "phong",
        "colorSpecular": [0.5,0.5,0.5],
        "DbgColor": 15658734,
        "visible": true,
        "transparent": false,
        "colorEmissive": [0,0,0],
        "DbgName": "Material",
        "DbgIndex": 0,
        "colorDiffuse": [0.764072,0.282965,0.13706],
        "blending": "NormalBlending",
        "depthWrite": true,
        "depthTest": true,
        "wireframe": false,
        "specularCoef": 50
    }],
    "name": "CubeGeometry",
    "faces": [35,0,3,2,1,0,0,1,2,3,35,5,13,12,4,0,4,5,6,7,35,0,1,5,4,0,0,3,4,7,35,1,2,6,5,0,3,2,8,4,35,2,3,7,6,0,2,1,9,8,35,8,0,4,10,0,10,0,7,11,35,10,11,9,8,0,11,12,13,10,35,6,15,13,5,0,8,14,5,4,35,3,9,11,7,0,1,13,12,9,35,0,8,9,3,0,0,10,13,1,35,12,13,15,14,0,6,5,14,15,35,14,17,16,12,0,15,16,17,6,35,4,12,16,10,0,7,6,17,11,35,10,16,17,11,0,11,17,16,12,35,7,14,15,6,0,9,15,14,8,35,11,17,14,7,0,12,16,15,9],
    "metadata": {
        "generator": "io_three",
        "vertices": 18,
        "version": 3,
        "faces": 16,
        "normals": 18,
        "materials": 1,
        "uvs": 0,
        "type": "Geometry"
    }
}