{
    "name": "weapon 1",
    "collisionRays": [{
        "origin": [0, 0, -0.3],
        "direction": [0, 1, 0],
        "length": 6
    }],
    "model": {
        "normals": [0.577349,-0.577349,-0.577349,0.577349,-0.577349,0.577349,-0.577349,-0.577349,0.577349,-0.577349,-0.577349,-0.577349,-0.732139,0.159276,0.662221,-0.431135,0.670919,0.60329,-0.431135,0.670919,-0.60329,-0.732139,0.159276,-0.662221,0.707083,0,-0.707083,0.707083,0,0.707083,0.577349,0.577349,-0.577349,0.577349,0.577349,0.577349],
        "vertices": [0.325806,0.557242,-0.428522,-0.460407,0.557242,-0.428522,-0.460407,0.557242,-0.273248,0.325807,0.557242,-0.273248,0.325806,4.78307,-0.428522,-0.460407,4.78307,-0.428522,-0.460406,4.78307,-0.273248,0.325806,4.78307,-0.273248,0.325806,5.66708,-0.428522,-0.056607,5.66708,-0.428522,0.325806,5.66708,-0.273248,-0.056606,5.66708,-0.273248],
        "uvs": [],
        "materials": [{
            "opacity": 1,
            "shading": "phong",
            "colorSpecular": [0.5,0.5,0.5],
            "DbgColor": 15658734,
            "visible": true,
            "transparent": false,
            "colorEmissive": [0,0,0],
            "DbgName": "Material",
            "DbgIndex": 0,
            "colorDiffuse": [0,0.439087,0.64],
            "blending": "NormalBlending",
            "depthWrite": true,
            "depthTest": true,
            "wireframe": false,
            "specularCoef": 50
        }],
        "name": "CubeGeometry",
        "faces": [35,0,3,2,1,0,0,1,2,3,35,6,11,9,5,0,4,5,6,7,35,0,1,5,4,0,0,3,7,8,35,1,2,6,5,0,3,2,4,7,35,2,3,7,6,0,2,1,9,4,35,3,0,4,7,0,1,0,8,9,35,8,9,11,10,0,10,6,5,11,35,5,9,8,4,0,7,6,10,8,35,7,10,11,6,0,9,11,5,4,35,4,8,10,7,0,8,10,11,9]
    }
}