{
    "vertices": [0.390482,0.365081,-0.453352,-0.551802,0.365081,-0.453352,-0.551802,0.365081,-0.294915,0.390483,0.365081,-0.294915,0.390482,5.42978,-0.453352,-0.551803,5.42978,-0.453352,-0.551802,5.42978,-0.294915,0.390483,5.42978,-0.294915,0.390482,6.48927,-0.453352,-0.067844,6.48927,-0.453352,0.390483,6.48927,-0.294915,-0.067843,6.48927,-0.294915],
    "normals": [-0.577349,0.577349,0.577349,0.577349,0.577349,0.577349,0.577349,0.577349,-0.577349,-0.577349,0.577349,-0.577349,0.732139,-0.159276,-0.662221,0.732139,-0.159276,0.662221,0.431135,-0.670919,0.603259,0.431135,-0.670919,-0.60329,-0.707083,0,0.707083,-0.707083,0,-0.707083,-0.577349,-0.577349,0.577349,-0.577349,-0.577349,-0.577349],
    "metadata": {
        "vertices": 12,
        "faces": 10,
        "normals": 12,
        "type": "Geometry",
        "materials": 1,
        "version": 3,
        "generator": "io_three",
        "uvs": 0
    },
    "name": "CubeGeometry.8",
    "faces": [35,0,1,2,3,0,0,1,2,3,35,6,5,9,11,0,4,5,6,7,35,0,4,5,1,0,0,8,5,1,35,1,5,6,2,0,1,5,4,2,35,2,6,7,3,0,2,4,9,3,35,4,0,3,7,0,8,0,3,9,35,8,10,11,9,0,10,11,7,6,35,5,4,8,9,0,5,8,10,6,35,7,6,11,10,0,9,4,7,11,35,4,7,10,8,0,8,9,11,10],
    "uvs": [],
    "materials": [{
        "colorDiffuse": [0.8,0.8,0.8],
        "blending": "NormalBlending",
        "visible": true,
        "DbgName": "Material",
        "DbgColor": 15658734,
        "depthTest": true,
        "colorAmbient": [0.8,0.8,0.8],
        "wireframe": false,
        "opacity": 1,
        "depthWrite": true,
        "DbgIndex": 0,
        "transparent": false,
        "colorEmissive": [0,0,0],
        "shading": "lambert"
    }]
}